Type,Saves,Comments,Shares,Likes
Carousel,294,49,20,957
Static Images,498,34,2,342
Reels,114,7,13,95
Reels,339,16,25,259
Reels,460,35,11,997
Reels,152,1,18,891
Reels,277,34,13,661
Static Images,488,34,8,722
Reels,59,33,24,908
Reels,98,32,6,900
Static Images,91,8,15,195
Carousel,423,7,24,651
Carousel,281,41,4,866
Static Images,197,8,15,261
Static Images,22,34,19,832
Reels,113,7,8,148
Carousel,418,43,8,107
Carousel,386,34,21,948
Static Images,376,21,21,682
Static Images,378,9,6,498
Reels,244,28,27,178
Static Images,443,2,25,481
Reels,229,48,18,293
Carousel,486,12,23,824
Reels,341,42,3,433
Static Images,443,39,18,998
Static Images,77,21,28,150
Carousel,68,49,12,708
Reels,131,47,3,498
Static Images,175,12,28,235
Reels,70,8,8,912
Carousel,461,20,25,915
Static Images,129,43,4,293
Reels,192,17,14,820
Carousel,29,14,2,193
Carousel,111,50,4,86
Reels,165,29,27,430
Static Images,131,35,13,513
Static Images,227,47,3,478
Carousel,159,20,28,654
Static Images,129,22,11,819
Reels,302,39,11,946
Reels,81,3,26,92
Carousel,141,9,7,673
Reels,489,2,7,867
Static Images,374,19,6,429
Carousel,243,21,1,603
Reels,414,24,8,702
Static Images,204,11,29,812
Carousel,67,11,6,586
Carousel,422,35,0,559
Reels,274,28,9,801
Static Images,325,48,19,799
Carousel,500,6,29,594
Reels,468,27,10,173
Carousel,133,45,21,549
Static Images,301,37,11,462
Reels,243,4,8,54
Static Images,91,27,29,116
Reels,480,37,23,528
Carousel,144,2,15,430
Carousel,281,7,18,901
Reels,359,35,22,204
Reels,229,28,23,628
Static Images,243,44,23,449
Static Images,120,29,10,83
Static Images,494,23,29,91
Carousel,365,22,3,411
Carousel,295,32,14,141
Static Images,66,24,22,982
Static Images,169,46,25,336
Static Images,378,48,14,58
Carousel,53,2,18,92
Static Images,439,18,23,606
Carousel,292,11,13,668
Static Images,182,10,8,187
Carousel,93,45,18,102
Static Images,284,36,16,309
Carousel,398,48,9,675
Static Images,52,4,29,999
Reels,155,47,2,861
Carousel,442,48,20,55
Carousel,358,47,6,163
Reels,438,23,9,755
Static Images,312,4,25,424
Static Images,434,42,28,227
Carousel,374,1,4,704
Carousel,205,40,27,299
Static Images,38,45,4,446
Carousel,207,19,10,875
Reels,336,50,5,863
Carousel,39,28,9,626
Static Images,227,21,4,112
Carousel,65,23,22,170
Static Images,401,26,29,508
Reels,92,37,5,839
Static Images,382,49,11,810
Carousel,397,32,24,705
Carousel,454,49,11,406
Carousel,230,7,24,219
Static Images,266,5,9,222
Static Images,302,9,20,884
Reels,163,38,2,717
Static Images,496,35,1,317
Reels,240,23,19,728
Carousel,287,46,29,585
Static Images,145,27,10,407
Carousel,219,14,11,375
Static Images,209,35,0,718
Reels,41,35,16,477
Static Images,42,12,17,728
Carousel,403,28,17,190
Reels,268,41,14,626
Static Images,471,46,10,498
Static Images,270,21,5,593
Carousel,426,15,0,261
Carousel,315,37,20,792
Reels,275,31,29,471
Carousel,33,31,17,404
Carousel,128,6,0,450
Reels,96,20,15,994
Reels,74,43,9,395
Static Images,394,21,15,666
Reels,109,33,21,856
Reels,257,11,20,228
Static Images,184,46,5,70
Carousel,205,1,18,564
Reels,147,10,14,799
Reels,432,18,18,652
Carousel,69,7,30,939
Carousel,219,25,28,898
Reels,292,20,28,803
Carousel,425,10,27,767
Reels,200,43,8,858
Reels,134,15,21,205
Static Images,440,10,11,887
Reels,238,7,1,742
Static Images,345,11,14,938
Static Images,454,15,22,260
Carousel,87,45,5,191
Static Images,127,46,15,969
Static Images,108,44,27,420
Static Images,469,47,8,629
Carousel,44,26,10,848
Reels,277,44,9,355
Static Images,79,22,29,946
Static Images,209,14,15,821
Static Images,413,20,3,652
Static Images,463,22,10,609
Carousel,435,27,4,213
Reels,105,23,9,192
Carousel,236,50,19,135
Reels,497,28,0,310
Static Images,104,38,0,859
Carousel,380,16,13,876
Reels,48,12,29,716
Reels,186,35,21,968
Carousel,386,4,11,607
Carousel,402,6,21,838
Reels,472,30,4,195
Static Images,16,50,21,195
Static Images,73,22,10,997
Static Images,109,1,15,622
Static Images,30,44,16,268
Reels,89,31,27,317
Carousel,357,8,30,613
Carousel,251,9,15,745
Reels,241,1,18,844
Static Images,204,26,5,729
Carousel,408,43,19,871
Static Images,125,45,30,343
Static Images,225,34,3,109
Reels,332,9,4,612
Reels,277,19,14,670
Static Images,309,33,12,87
Reels,327,45,25,840
Carousel,208,39,29,123
Reels,148,49,28,348
Static Images,284,35,22,291
Reels,305,1,24,879
Static Images,450,2,4,430
Carousel,172,12,22,499
Carousel,305,48,17,924
Reels,349,34,30,662
Reels,278,38,13,938
Reels,105,28,4,995
Carousel,404,3,5,502
Carousel,124,18,10,116
Carousel,371,22,16,594
Carousel,218,7,12,683
Carousel,214,27,14,633
Carousel,127,3,20,516
Reels,79,8,9,110
Static Images,385,4,15,306
Reels,78,3,1,394
Reels,305,43,9,636
Carousel,444,16,24,997
Reels,27,50,4,737
Reels,20,43,12,981
Static Images,288,50,18,180
Carousel,368,30,23,905
Reels,441,38,18,204
Reels,180,44,25,597
Carousel,127,5,2,525
Carousel,76,42,16,420
Reels,28,29,20,329
Reels,286,11,19,825
Carousel,36,18,6,131
Carousel,401,7,20,266
Carousel,428,13,7,92
Carousel,288,18,4,388
Reels,281,36,18,917
Reels,347,17,14,692
Carousel,251,18,4,577
Carousel,260,1,25,522
Static Images,185,41,22,979
Reels,156,36,15,660
Reels,168,15,26,916
Reels,83,39,2,567
Static Images,157,39,17,956
Carousel,396,3,24,429
Reels,135,38,15,137
Static Images,313,14,5,604
Static Images,154,27,29,317
Reels,29,28,20,723
Reels,102,50,24,285
Static Images,317,47,30,201
Static Images,225,23,26,667
Static Images,75,15,4,946
Carousel,355,12,11,980
Static Images,323,25,7,350
Reels,376,45,27,860
Carousel,233,44,2,137
Reels,394,8,3,624
Carousel,467,49,2,728
Reels,366,42,12,810
Static Images,93,35,18,416
Static Images,278,39,10,168
Static Images,77,18,21,464
Carousel,423,10,14,409
Static Images,197,37,4,79
Static Images,407,16,12,980
Carousel,422,14,11,994
Static Images,450,45,11,213
Reels,144,32,8,833
Carousel,176,7,28,699
Reels,389,50,3,942
Static Images,163,40,14,184
Carousel,480,39,3,392
Static Images,120,45,3,332
Reels,294,41,7,340
Static Images,147,28,30,858
Static Images,86,16,1,86
Carousel,250,5,22,293
Reels,187,19,7,406
Reels,471,44,16,333
Carousel,33,35,0,743
Carousel,470,4,7,377
Carousel,141,14,26,578
Carousel,469,29,8,423
Carousel,157,43,15,710
Reels,254,11,24,807
Static Images,59,25,4,799
Static Images,74,6,10,524
Carousel,406,3,0,644
Carousel,259,33,22,646
Carousel,394,18,13,751
Carousel,422,3,1,995
Static Images,352,37,15,93
Reels,392,21,10,207
Carousel,256,23,22,647
Carousel,255,40,19,688
Carousel,186,48,28,941
Carousel,94,33,16,202
Carousel,47,46,20,150
Reels,241,4,17,435
Carousel,167,31,6,91
Static Images,409,44,5,194
Carousel,379,25,8,967
Carousel,284,32,25,95
Reels,96,42,16,716
Carousel,330,37,16,937
Static Images,130,38,6,519
Reels,74,48,8,58
Reels,458,26,7,714
Reels,395,14,12,204
Carousel,319,34,0,845
Static Images,184,4,21,237
Carousel,316,31,13,433
Static Images,124,12,16,768
Carousel,186,16,30,530
Reels,67,2,1,898
Reels,144,5,29,994
Carousel,226,31,29,864
Carousel,77,39,23,450
Static Images,182,7,14,688
Static Images,335,8,25,332
Static Images,227,40,19,767
Carousel,117,32,19,54
Reels,396,38,4,160
Reels,449,8,25,665
Carousel,93,39,17,861
Static Images,24,23,27,392
Static Images,258,29,18,369
Carousel,106,4,12,515
Carousel,62,46,20,563
Static Images,464,49,27,624
Static Images,454,31,13,689
Static Images,302,20,13,871
Static Images,271,24,21,795
Reels,43,25,13,902
Reels,383,35,14,605
Reels,369,19,5,70
Carousel,307,4,28,977
Static Images,430,35,7,726
Static Images,410,38,24,475
Reels,344,17,5,474
Reels,252,38,2,986
Reels,271,15,15,667
Static Images,488,30,8,729
Carousel,87,11,19,196
Static Images,404,21,23,271
Static Images,472,44,26,713
Reels,43,39,17,578
Static Images,350,46,29,910
Reels,11,11,24,293
Reels,119,19,6,507
Carousel,364,49,19,55
Static Images,305,36,7,739
Reels,182,3,21,97
Carousel,494,50,6,848
Static Images,326,35,11,269
Static Images,360,35,12,241
Carousel,36,38,24,659
Static Images,286,35,28,317
Reels,248,46,27,498
Static Images,355,21,2,113
Static Images,396,1,28,978
Static Images,252,7,7,476
Reels,435,2,16,158
Reels,97,7,30,304
Reels,495,42,21,728
Reels,352,35,9,220
Carousel,491,10,24,767
Reels,156,19,17,586
Static Images,432,39,14,324
Carousel,272,33,24,948
Static Images,102,15,10,998
Static Images,215,30,15,723
Reels,210,45,9,748
Carousel,170,16,6,934
Reels,175,17,18,108
Static Images,288,1,14,800
Static Images,274,44,9,771
Carousel,176,26,6,731
Reels,207,23,26,985
Carousel,266,41,0,385
Static Images,417,23,21,100
Carousel,442,26,1,819
Reels,408,29,2,841
Carousel,316,19,19,441
Reels,440,1,29,631
Carousel,93,15,16,496
Carousel,368,17,5,817
Static Images,278,6,0,985
Carousel,86,5,8,990
Carousel,340,20,4,187
Static Images,210,38,30,715
Static Images,144,11,27,996
Static Images,75,29,17,554
Static Images,104,6,5,653
Reels,307,32,3,974
Carousel,245,44,6,399
Static Images,162,31,17,580
Carousel,485,50,26,622
Static Images,369,48,22,183
Static Images,455,2,17,877
Carousel,47,37,4,288
Static Images,45,33,21,780
Static Images,413,39,29,645
Carousel,73,29,17,889
Carousel,51,23,5,231
Static Images,364,38,24,731
Static Images,296,2,1,297
Carousel,458,12,30,184
Reels,416,1,25,793
Static Images,186,26,17,424
Carousel,420,28,6,833
Carousel,360,17,30,118
Reels,468,40,15,599
Reels,58,25,21,654
Carousel,418,12,13,367
Carousel,369,34,30,596
Carousel,341,4,15,186
Static Images,299,6,15,765
Carousel,398,4,30,968
Static Images,84,44,2,911
Carousel,416,46,6,941
Reels,82,27,12,627
Static Images,296,17,2,820
Static Images,331,2,26,210
Carousel,450,37,5,169
Static Images,429,16,11,191
Carousel,308,43,30,79
Carousel,487,27,4,983
Carousel,16,50,11,388
Reels,308,36,21,447
Static Images,105,47,17,308
Reels,65,8,8,958
Carousel,15,25,28,899
Reels,257,30,28,920
Carousel,152,24,4,485
Carousel,384,12,6,900
Reels,382,13,8,261
Carousel,496,13,16,253
Reels,137,27,12,798
Static Images,104,16,26,354
Static Images,98,33,5,897
Carousel,282,35,16,989
Static Images,279,18,27,717
Static Images,85,20,11,779
Reels,282,18,23,992
Carousel,301,32,0,326
Static Images,431,11,16,767
Static Images,477,1,13,897
Carousel,469,40,8,417
Reels,421,35,1,117
Reels,246,14,3,529
Reels,152,34,7,438
Reels,53,24,8,738
Reels,210,12,21,959
Static Images,234,36,17,155
Reels,188,18,1,876
Reels,309,47,27,829
Static Images,452,25,20,572
Reels,120,45,18,945
Carousel,12,3,13,909
Reels,14,17,15,377
Static Images,325,9,11,507
Static Images,112,12,15,496
Carousel,278,43,20,56
Static Images,182,41,13,143
Reels,432,26,22,982
Static Images,118,1,9,323
Reels,303,7,12,320
Reels,169,9,6,88
Reels,312,19,7,850
Reels,273,21,4,686
Static Images,165,30,15,311
Static Images,41,4,24,812
Carousel,495,36,12,670
Carousel,118,20,6,148
Reels,202,19,9,472
Static Images,387,42,12,693
Reels,285,49,11,829
Reels,162,45,30,646
Static Images,23,46,12,281
Reels,64,14,13,867
Static Images,63,47,6,236
Reels,305,45,4,725
Static Images,241,32,22,421
Reels,154,13,2,518
Carousel,196,13,18,208
Carousel,171,17,21,519
Carousel,207,41,17,239
Reels,235,17,25,850
Carousel,90,27,20,723
Reels,32,44,4,110
Static Images,441,28,6,467
Reels,313,31,8,718
Static Images,349,14,30,781
Carousel,379,8,17,210
Carousel,347,40,21,568
Carousel,89,13,25,682
Reels,381,31,25,585
Reels,16,22,5,378
Carousel,497,26,4,185
Carousel,170,43,3,454
Reels,336,20,24,117
Reels,95,10,11,529
Static Images,135,50,22,94
Carousel,27,37,18,714
Static Images,143,5,11,87
Reels,256,13,28,805
Carousel,143,36,0,663
Static Images,369,33,12,217
Reels,405,43,11,432
Static Images,234,23,23,221
Reels,398,5,20,243
Reels,284,10,6,304
Reels,402,31,30,188
Carousel,19,14,3,182
Reels,37,7,29,429
Carousel,272,26,23,170
Reels,286,6,30,715
Carousel,124,37,9,478
Carousel,267,42,20,278
Carousel,279,9,13,815
Static Images,215,21,16,331
Static Images,196,12,9,183
Carousel,271,44,21,750
Carousel,13,37,12,516
Static Images,29,3,13,420
Static Images,391,41,22,136
Carousel,309,23,18,151
Carousel,342,3,9,963
Carousel,344,22,13,947
Reels,257,45,24,589
Static Images,212,17,5,267
Reels,255,37,26,853
Carousel,449,10,0,685
Carousel,73,2,22,387
Static Images,68,45,26,157
Carousel,96,32,5,552
Static Images,122,18,2,496
Static Images,195,46,8,805
Carousel,169,19,11,408
Reels,371,31,0,140
Carousel,413,12,2,456
Reels,392,33,2,337
Carousel,56,33,6,532
Reels,304,47,24,247
Static Images,337,25,29,240
Carousel,344,15,19,946
Reels,199,37,12,373
Reels,463,18,16,222
Reels,375,15,4,903
Reels,320,34,21,759
Reels,321,44,16,725
Static Images,178,32,13,399
Carousel,487,48,25,127
Static Images,99,41,20,273
Static Images,359,42,27,502
Static Images,141,38,18,908
Reels,335,4,5,345
Reels,107,28,19,290
Static Images,378,45,10,574
Static Images,356,50,4,465
Carousel,369,49,9,183
Static Images,283,28,21,908
Static Images,162,15,11,986
Carousel,14,18,17,915
Static Images,361,20,25,783
Reels,73,27,28,203
Reels,364,38,28,779
Carousel,308,8,1,449
Static Images,480,49,26,86
Static Images,486,37,18,708
Static Images,10,33,18,66
Reels,80,36,23,298
Carousel,252,33,13,399
Carousel,349,38,28,501
Static Images,437,33,12,154
Reels,185,28,30,436
Carousel,390,40,16,439
Carousel,226,23,27,286
Static Images,243,26,27,587
Static Images,497,43,10,445
Static Images,337,2,20,804
Static Images,500,19,6,760
Carousel,40,48,13,956
Static Images,53,41,27,409
Reels,462,14,18,183
Reels,199,44,30,394
Reels,492,26,12,242
Carousel,452,19,19,800
Carousel,258,33,8,236
Carousel,179,36,4,755
Carousel,196,17,8,719
Carousel,412,32,26,259
Carousel,331,17,8,714
Reels,283,35,22,401
Static Images,385,16,8,827
Static Images,207,17,14,992
Carousel,334,16,5,120
Carousel,340,30,13,940
Static Images,121,4,24,885
Static Images,122,3,8,848
Reels,420,42,27,607
Static Images,364,11,10,874
Reels,18,40,14,894
Reels,311,3,26,139
Reels,90,20,12,794
Reels,479,6,9,642
Static Images,242,46,12,454
Carousel,480,29,8,707
Static Images,326,26,11,194
Carousel,246,41,13,364
Static Images,57,12,3,307
Carousel,479,45,20,779
Carousel,175,22,20,392
Static Images,106,31,12,256
Reels,270,25,7,841
Reels,182,46,20,127
Reels,280,46,20,914
Static Images,83,4,5,564
Static Images,41,41,16,481
Carousel,344,26,2,84
Static Images,374,23,1,72
Carousel,491,19,16,543
Carousel,231,13,30,347
Static Images,489,7,8,253
Carousel,214,19,18,283
Static Images,306,1,28,706
Reels,249,17,12,766
Carousel,454,31,19,217
Reels,346,19,20,229
Static Images,215,22,28,621
Reels,497,38,3,639
Carousel,152,24,7,595
Carousel,345,18,11,732
Reels,203,48,27,980
Static Images,70,29,24,972
Static Images,131,16,4,891
Static Images,413,21,15,261
Static Images,57,32,18,535
Carousel,89,27,24,535
Reels,463,47,2,996
Reels,290,38,30,815
Carousel,415,25,21,606
Static Images,291,3,24,902
Carousel,56,11,9,72
Carousel,284,22,28,635
Static Images,180,25,5,237
Static Images,324,24,25,805
Carousel,195,11,11,541
Carousel,348,17,5,747
Static Images,305,38,14,509
Reels,176,38,30,242
Reels,200,25,6,153
Static Images,181,43,24,515
Carousel,100,39,13,804
Reels,217,5,26,555
Static Images,257,7,29,325
Static Images,209,50,15,297
Reels,94,7,18,460
Static Images,64,12,21,155
Reels,472,3,20,256
Reels,234,37,16,415
Static Images,409,35,10,871
Reels,301,24,28,400
Reels,288,33,26,527
Reels,225,7,20,325
Static Images,152,10,21,725
Carousel,401,32,20,709
Carousel,213,33,10,605
Carousel,437,28,29,322
Carousel,464,24,11,489
Carousel,20,20,20,624
Carousel,187,14,7,359
Reels,205,35,28,725
Reels,180,19,30,892
Reels,209,38,30,686
Static Images,176,11,9,914
Carousel,454,12,11,243
Static Images,39,36,27,562
Carousel,244,40,15,730
Carousel,73,45,0,804
Reels,67,15,23,909
Carousel,142,1,16,469
Static Images,142,18,5,499
Reels,410,14,15,548
Static Images,95,4,9,346
Static Images,427,35,11,564
Carousel,42,29,28,231
Carousel,70,17,8,464
Carousel,487,17,27,511
Static Images,182,18,12,430
Reels,186,38,2,497
Reels,28,31,28,805
Static Images,464,21,8,104
Carousel,195,33,1,671
Carousel,82,3,23,723
Carousel,203,9,8,795
Static Images,324,34,2,830
Reels,64,17,20,154
Reels,424,50,7,716
Carousel,438,22,4,586
Reels,44,8,30,341
Reels,287,3,16,537
Carousel,498,3,29,983
Carousel,261,45,30,395
Carousel,65,16,23,126
Reels,61,27,28,672
Reels,460,24,5,122
Static Images,470,38,27,388
Carousel,110,46,23,427
Carousel,158,34,19,583
Static Images,169,32,4,724
Carousel,472,41,9,968
Carousel,176,31,29,997
Reels,354,26,19,61
Reels,261,43,14,289
Reels,132,48,6,632
Reels,207,7,28,766
Reels,381,3,0,582
Static Images,469,29,23,816
Carousel,119,37,16,347
Static Images,197,50,5,663
Carousel,409,46,23,234
Reels,89,6,18,299
Static Images,192,25,7,767
Static Images,84,19,15,678
Carousel,387,34,19,839
Carousel,432,24,9,390
Static Images,169,26,5,926
Static Images,264,37,14,524
Carousel,46,30,23,318
Carousel,411,31,28,561
Carousel,464,27,19,835
Carousel,39,49,22,651
Carousel,309,31,4,318
Static Images,450,20,16,89
Carousel,483,19,22,295
Reels,94,47,4,842
Carousel,20,32,15,994
Reels,209,12,2,261
Carousel,82,42,25,80
Reels,159,38,8,421
Reels,35,29,8,119
Reels,364,35,15,605
Carousel,29,16,11,464
Carousel,448,36,27,844
Static Images,447,14,26,741
Static Images,457,13,30,257
Static Images,440,7,14,314
Reels,316,34,15,520
Static Images,381,11,21,808
Reels,208,43,30,714
Reels,102,43,27,798
Static Images,292,50,10,389
Static Images,490,4,24,275
Static Images,279,2,12,205
Static Images,162,39,18,769
Carousel,148,22,14,839
Static Images,202,32,4,466
Reels,158,33,20,788
Static Images,338,17,27,344
Reels,273,30,28,797
Reels,264,38,7,905
Reels,468,14,13,97
Static Images,287,13,5,918
Static Images,422,25,15,161
Reels,359,15,7,413
Reels,145,11,8,135
Static Images,41,31,18,655
Carousel,137,44,20,831
Carousel,292,48,15,254
Reels,45,3,25,698
Static Images,443,1,0,536
Static Images,45,49,10,68
Static Images,330,16,22,517
Reels,343,28,30,84
Static Images,217,7,23,443
Reels,184,22,22,304
Reels,361,1,28,952
Static Images,219,6,1,434
Carousel,181,10,19,871
Reels,337,42,3,302
Reels,183,49,18,395
Reels,248,7,7,328
Reels,251,34,22,716
Reels,367,14,17,579
Reels,371,27,25,857
Reels,44,29,15,550
Reels,94,10,26,194
Static Images,25,35,3,822
Carousel,414,10,22,105
Reels,317,47,17,748
Reels,290,2,0,489
Reels,258,5,19,999
Static Images,355,32,3,503
Carousel,302,21,8,71
Static Images,86,27,29,943
Carousel,31,48,28,506
Reels,179,3,28,743
Carousel,117,32,3,735
Carousel,482,15,11,228
Reels,16,13,24,416
Carousel,352,13,3,255
Carousel,198,34,8,791
Static Images,479,47,26,404
Reels,393,28,5,510
Carousel,16,31,20,816
Reels,253,28,0,72
Carousel,201,43,13,605
Carousel,344,28,24,648
Reels,381,24,25,921
Reels,335,48,28,557
Reels,184,11,7,458
Carousel,86,3,9,75
Reels,251,49,11,60
Static Images,100,1,21,788
Carousel,311,6,18,924
Static Images,222,49,2,351
Reels,154,34,15,870
Carousel,287,34,10,98
Reels,86,12,14,890
Static Images,121,31,15,523
Reels,368,48,7,177
Static Images,433,48,11,168
Reels,303,30,17,851
Carousel,479,34,27,733
Static Images,342,14,14,985
Reels,86,32,9,590
Reels,468,33,13,742
Carousel,246,47,6,822
Carousel,45,28,15,166
Static Images,304,26,14,594
Static Images,342,30,4,975
Static Images,93,12,22,320
Reels,93,35,19,484
Reels,372,3,8,186
Reels,387,25,13,224
Carousel,279,46,17,846
Carousel,435,12,0,581
Carousel,332,5,19,603
Reels,215,5,17,500
Carousel,198,10,24,501
Carousel,448,24,5,832
Static Images,247,16,20,748
Carousel,223,24,10,369
Static Images,20,37,24,425
Static Images,310,41,12,138
Static Images,54,36,25,523
Carousel,445,4,9,695
Reels,100,42,10,948
Reels,277,6,24,853
Static Images,285,21,20,52
Reels,330,33,2,658
Reels,328,24,17,683
Static Images,488,43,30,686
Static Images,346,14,27,864
Carousel,485,15,0,718
Carousel,94,12,19,400
Carousel,465,10,28,333
Carousel,128,41,24,342
Static Images,245,12,9,816
Reels,407,6,14,242
Static Images,239,23,26,993
Reels,332,50,4,393
Static Images,393,22,26,472
Reels,333,41,24,772
Reels,408,27,6,562
Reels,325,22,26,834
Carousel,292,34,14,631
Static Images,339,17,12,902
Reels,427,31,10,277
Reels,102,40,28,904
Static Images,37,15,23,983
Carousel,39,22,11,800
Carousel,12,23,26,979
Static Images,181,49,6,891
Reels,498,32,8,387
Reels,484,41,21,602
Reels,347,37,9,157
Carousel,207,46,25,353
Static Images,307,44,6,399
Static Images,371,15,4,838
Static Images,491,18,24,746
Static Images,359,1,4,874
Reels,493,48,28,204
Static Images,422,11,20,963
Static Images,13,18,12,785
Carousel,362,41,27,160
Reels,492,41,16,551
Carousel,282,23,1,216
Static Images,428,7,28,503
Static Images,323,15,30,249
Carousel,353,10,9,174
Static Images,207,30,28,318
Reels,294,13,10,643
Static Images,352,48,27,372
Carousel,393,32,21,698
Carousel,117,3,15,792
Reels,60,19,17,156
Reels,426,14,7,818
Carousel,478,39,27,822
Reels,183,7,18,801
Reels,281,1,2,527
Carousel,350,5,12,900
Carousel,415,11,20,339
Carousel,300,16,30,882
Carousel,371,41,13,562
Static Images,318,32,0,760
Static Images,456,37,12,422
Reels,166,37,2,131
Carousel,163,20,17,855
Reels,234,32,2,50
Static Images,113,17,12,591
Carousel,462,24,3,224
Reels,129,16,25,104
Reels,28,20,20,576
Carousel,395,40,10,513
Reels,496,40,28,397
Carousel,119,17,20,941
Static Images,105,38,14,351
Reels,144,7,28,484
Reels,233,11,18,856
Reels,48,21,20,737
Carousel,165,40,14,510
Static Images,10,17,0,935
Carousel,347,28,9,627
Reels,286,6,18,376
Carousel,334,37,10,687
Carousel,273,30,6,286
Static Images,121,15,27,874
Reels,276,20,26,588
Carousel,353,32,7,199
Carousel,239,40,6,97
Carousel,417,8,4,518
Reels,464,50,11,122
Carousel,243,38,9,946
Static Images,343,10,30,411
Reels,176,31,25,921
Reels,325,21,6,214
Carousel,136,25,18,892
Carousel,238,31,29,164
Carousel,461,40,4,375
Carousel,461,31,28,266
Reels,440,47,25,143
Carousel,96,25,30,826
Carousel,299,33,10,536
Static Images,219,7,20,236
Carousel,414,41,4,873
Carousel,342,18,28,695
Static Images,273,22,1,480
Carousel,439,44,13,854
Static Images,261,10,29,547
Static Images,453,9,15,743
Static Images,264,25,14,77
Reels,401,2,14,487
Static Images,225,48,4,59
Carousel,460,33,18,687
Carousel,377,18,25,314
Carousel,311,22,13,116
Reels,10,37,25,215
Static Images,28,28,3,886
Reels,493,50,19,735
Static Images,334,22,23,308
Reels,418,49,29,578
Static Images,102,19,15,116
Carousel,373,20,5,903
Carousel,96,11,1,719
Reels,240,49,2,614
Static Images,140,7,9,834
Static Images,115,35,11,869
Carousel,402,48,23,897
Carousel,133,19,4,852
Carousel,286,24,21,104
Carousel,191,46,2,63
Static Images,359,2,2,387
Reels,304,2,9,429
Reels,254,47,5,208
Carousel,201,45,15,185
Carousel,439,29,14,649
Reels,423,27,25,403
Carousel,390,16,15,750
Reels,190,4,25,231
Static Images,414,36,4,517
Reels,487,48,0,434
Carousel,391,40,15,948
Reels,340,14,15,214
Static Images,130,4,4,830
Carousel,283,5,24,802
Static Images,221,23,1,495
Static Images,67,23,23,469
Carousel,17,49,11,150
Reels,391,27,3,564
Carousel,394,30,10,232
Static Images,365,39,2,447
Static Images,141,36,20,346
Static Images,402,39,15,511
Reels,160,43,17,265
Carousel,59,15,19,991
Carousel,42,48,12,170
Reels,274,46,9,819
Carousel,294,20,10,257
Static Images,95,19,1,647
Carousel,280,7,2,593
Static Images,369,8,25,768
Carousel,153,39,24,75
Reels,382,40,16,104
Reels,446,27,10,705
Reels,493,50,16,968
Carousel,359,16,14,711
Reels,312,39,13,201
Static Images,219,39,2,273
Carousel,301,46,18,894
Reels,427,28,21,343
Carousel,422,18,17,280
Static Images,22,18,6,272
Reels,368,18,26,223
Static Images,233,12,17,707
Reels,369,9,23,634
Static Images,161,43,24,821
Static Images,328,40,12,628
Static Images,220,39,15,129
Static Images,168,32,30,413
Static Images,372,7,18,736
